{
  "ticker": "AAPL",
  "meta_model": "ridge_alpha_1e-2",
  "base_models": [
    "xgboost",
    "lstm"
  ],
  "cv_rmse": 0.021059634567880944,
  "cv_rmse_std": 0.0071799158495902985,
  "rmse_per_fold": [
    0.017799259689182823,
    0.031073257246877466,
    0.014444706843726321
  ],
  "coefficients": {
    "xgboost": -0.000692381348063275,
    "lstm": 0.005379899940072468
  },
  "intercept": 0.0004983114087686414,
  "model_type": "Ridge",
  "alpha": 0.01
}