{
  "ticker": "GOOGL",
  "meta_model": "ridge_alpha_1e-2",
  "base_models": [
    "xgboost",
    "lstm"
  ],
  "cv_rmse": 0.020953515879289245,
  "cv_rmse_std": 0.0028808665005839906,
  "rmse_per_fold": [
    0.01926725452484458,
    0.02538497091715932,
    0.01928022653119703
  ],
  "coefficients": {
    "xgboost": -0.04083505667413567,
    "lstm": 0.18220182106173768
  },
  "intercept": 0.001094344130408,
  "model_type": "Ridge",
  "alpha": 0.01
}